"OBJECTID","ID_0","ISO","NAME_0","ID_1","NAME_1","ID_2","NAME_2","ID_3","NAME_3","CCN_3","CCA_3","TYPE_3","ENGTYPE_3","NL_NAME_3","VARNAME_3"
1,48,"CHL","Chile",1,"Aisén del General Carlos Ibáñez del Campo",1,"Aisén",1,"Aisen",NA,"","Comuna","Municipality","",""
2,48,"CHL","Chile",1,"Aisén del General Carlos Ibáñez del Campo",1,"Aisén",2,"Cisnes",NA,"","Comuna","Municipality","",""
3,48,"CHL","Chile",1,"Aisén del General Carlos Ibáñez del Campo",1,"Aisén",3,"Guaitecas",NA,"","Comuna","Municipality","",""
4,48,"CHL","Chile",1,"Aisén del General Carlos Ibáñez del Campo",2,"Capitán Prat",4,"Cochrane",NA,"","Comuna","Municipality","",""
5,48,"CHL","Chile",1,"Aisén del General Carlos Ibáñez del Campo",2,"Capitán Prat",5,"O'Higgins",NA,"","Comuna","Municipality","",""
6,48,"CHL","Chile",1,"Aisén del General Carlos Ibáñez del Campo",2,"Capitán Prat",6,"Tortel",NA,"","Comuna","Municipality","",""
7,48,"CHL","Chile",1,"Aisén del General Carlos Ibáñez del Campo",3,"Coihaique",7,"Coihaique",NA,"","Comuna","Municipality","",""
8,48,"CHL","Chile",1,"Aisén del General Carlos Ibáñez del Campo",3,"Coihaique",8,"Lago Verde",NA,"","Comuna","Municipality","",""
9,48,"CHL","Chile",1,"Aisén del General Carlos Ibáñez del Campo",4,"General Carrera",9,"Chile Chico",NA,"","Comuna","Municipality","",""
10,48,"CHL","Chile",1,"Aisén del General Carlos Ibáñez del Campo",4,"General Carrera",10,"Rio Ibanez",NA,"","Comuna","Municipality","",""
11,48,"CHL","Chile",2,"Antofagasta",5,"Antofagasta",11,"Antofagasta",NA,"","Comuna","Municipality","",""
12,48,"CHL","Chile",2,"Antofagasta",5,"Antofagasta",12,"Mejillones",NA,"","Comuna","Municipality","",""
13,48,"CHL","Chile",2,"Antofagasta",5,"Antofagasta",13,"Sierra Gorda",NA,"","Comuna","Municipality","",""
14,48,"CHL","Chile",2,"Antofagasta",5,"Antofagasta",14,"Taltal",NA,"","Comuna","Municipality","",""
15,48,"CHL","Chile",2,"Antofagasta",6,"El Loa",15,"Calama",NA,"","Comuna","Municipality","",""
16,48,"CHL","Chile",2,"Antofagasta",6,"El Loa",16,"Ollague",NA,"","Comuna","Municipality","",""
17,48,"CHL","Chile",2,"Antofagasta",6,"El Loa",17,"San Pedro de Atacama",NA,"","Comuna","Municipality","",""
18,48,"CHL","Chile",2,"Antofagasta",7,"Tocopilla",18,"Maria Elena",NA,"","Comuna","Municipality","",""
19,48,"CHL","Chile",2,"Antofagasta",7,"Tocopilla",19,"Tocopilla",NA,"","Comuna","Municipality","",""
20,48,"CHL","Chile",3,"Araucanía",8,"Cautín",20,"Carahue",NA,"","Comuna","Municipality","",""
21,48,"CHL","Chile",3,"Araucanía",8,"Cautín",21,"Cunco",NA,"","Comuna","Municipality","",""
22,48,"CHL","Chile",3,"Araucanía",8,"Cautín",22,"Curarrehue",NA,"","Comuna","Municipality","",""
23,48,"CHL","Chile",3,"Araucanía",8,"Cautín",23,"Freire",NA,"","Comuna","Municipality","",""
24,48,"CHL","Chile",3,"Araucanía",8,"Cautín",24,"Galvarino",NA,"","Comuna","Municipality","",""
25,48,"CHL","Chile",3,"Araucanía",8,"Cautín",25,"Golbea",NA,"","Comuna","Municipality","",""
26,48,"CHL","Chile",3,"Araucanía",8,"Cautín",26,"Lautaro",NA,"","Comuna","Municipality","",""
27,48,"CHL","Chile",3,"Araucanía",8,"Cautín",27,"Loncoche",NA,"","Comuna","Municipality","",""
28,48,"CHL","Chile",3,"Araucanía",8,"Cautín",28,"Melipeuco",NA,"","Comuna","Municipality","",""
29,48,"CHL","Chile",3,"Araucanía",8,"Cautín",29,"Nueva Imperial",NA,"","Comuna","Municipality","",""
30,48,"CHL","Chile",3,"Araucanía",8,"Cautín",30,"Perquenco",NA,"","Comuna","Municipality","",""
31,48,"CHL","Chile",3,"Araucanía",8,"Cautín",31,"Pitrufquen",NA,"","Comuna","Municipality","",""
32,48,"CHL","Chile",3,"Araucanía",8,"Cautín",32,"Pucon",NA,"","Comuna","Municipality","",""
33,48,"CHL","Chile",3,"Araucanía",8,"Cautín",33,"Saavedra",NA,"","Comuna","Municipality","",""
34,48,"CHL","Chile",3,"Araucanía",8,"Cautín",34,"Temuco",NA,"","Comuna","Municipality","",""
35,48,"CHL","Chile",3,"Araucanía",8,"Cautín",35,"Teodoro Schmidt",NA,"","Comuna","Municipality","",""
36,48,"CHL","Chile",3,"Araucanía",8,"Cautín",36,"Tolten",NA,"","Comuna","Municipality","",""
37,48,"CHL","Chile",3,"Araucanía",8,"Cautín",37,"Vilcun",NA,"","Comuna","Municipality","",""
38,48,"CHL","Chile",3,"Araucanía",8,"Cautín",38,"Villarrica",NA,"","Comuna","Municipality","",""
39,48,"CHL","Chile",3,"Araucanía",9,"Malleco",39,"Angol",NA,"","Comuna","Municipality","",""
40,48,"CHL","Chile",3,"Araucanía",9,"Malleco",40,"Collipulli",NA,"","Comuna","Municipality","",""
41,48,"CHL","Chile",3,"Araucanía",9,"Malleco",41,"Curacautin",NA,"","Comuna","Municipality","",""
42,48,"CHL","Chile",3,"Araucanía",9,"Malleco",42,"Ercilla",NA,"","Comuna","Municipality","",""
43,48,"CHL","Chile",3,"Araucanía",9,"Malleco",43,"Lonquimay",NA,"","Comuna","Municipality","",""
44,48,"CHL","Chile",3,"Araucanía",9,"Malleco",44,"Los Sauces",NA,"","Comuna","Municipality","",""
45,48,"CHL","Chile",3,"Araucanía",9,"Malleco",45,"Lumaco",NA,"","Comuna","Municipality","",""
46,48,"CHL","Chile",3,"Araucanía",9,"Malleco",46,"Puren",NA,"","Comuna","Municipality","",""
47,48,"CHL","Chile",3,"Araucanía",9,"Malleco",47,"Renaico",NA,"","Comuna","Municipality","",""
48,48,"CHL","Chile",3,"Araucanía",9,"Malleco",48,"Traiguen",NA,"","Comuna","Municipality","",""
49,48,"CHL","Chile",3,"Araucanía",9,"Malleco",49,"Victoria",NA,"","Comuna","Municipality","",""
50,48,"CHL","Chile",4,"Arica y Parinacota",10,"Arica",50,"Arica",NA,"","Comuna","Municipality","",""
51,48,"CHL","Chile",4,"Arica y Parinacota",10,"Arica",51,"Camarones",NA,"","Comuna","Municipality","",""
52,48,"CHL","Chile",4,"Arica y Parinacota",11,"Parinacota",52,"General Lagos",NA,"","Comuna","Municipality","",""
53,48,"CHL","Chile",4,"Arica y Parinacota",11,"Parinacota",53,"Putre",NA,"","Comuna","Municipality","",""
54,48,"CHL","Chile",5,"Atacama",12,"Chañaral",54,"Chanaral",NA,"","Comuna","Municipality","",""
55,48,"CHL","Chile",5,"Atacama",12,"Chañaral",55,"Diego de Almagro",NA,"","Comuna","Municipality","",""
56,48,"CHL","Chile",5,"Atacama",13,"Copiapó",56,"Caldera",NA,"","Comuna","Municipality","",""
57,48,"CHL","Chile",5,"Atacama",13,"Copiapó",57,"Copiapo",NA,"","Comuna","Municipality","",""
58,48,"CHL","Chile",5,"Atacama",13,"Copiapó",58,"Tierra Amarilla",NA,"","Comuna","Municipality","",""
59,48,"CHL","Chile",5,"Atacama",14,"Huasco",59,"Alto del Carmen",NA,"","Comuna","Municipality","",""
60,48,"CHL","Chile",5,"Atacama",14,"Huasco",60,"Freirina",NA,"","Comuna","Municipality","",""
61,48,"CHL","Chile",5,"Atacama",14,"Huasco",61,"Huasco",NA,"","Comuna","Municipality","",""
62,48,"CHL","Chile",5,"Atacama",14,"Huasco",62,"Vallenar",NA,"","Comuna","Municipality","",""
63,48,"CHL","Chile",6,"Bío-Bío",15,"Ñuble",63,"Bulnes",NA,"","Comuna","Municipality","",""
64,48,"CHL","Chile",6,"Bío-Bío",15,"Ñuble",64,"Chillan",NA,"","Comuna","Municipality","",""
65,48,"CHL","Chile",6,"Bío-Bío",15,"Ñuble",65,"Cobquecura",NA,"","Comuna","Municipality","",""
66,48,"CHL","Chile",6,"Bío-Bío",15,"Ñuble",66,"Coelemu",NA,"","Comuna","Municipality","",""
67,48,"CHL","Chile",6,"Bío-Bío",15,"Ñuble",67,"Coihueco",NA,"","Comuna","Municipality","",""
68,48,"CHL","Chile",6,"Bío-Bío",15,"Ñuble",68,"El Carmen",NA,"","Comuna","Municipality","",""
69,48,"CHL","Chile",6,"Bío-Bío",15,"Ñuble",69,"Ninhue",NA,"","Comuna","Municipality","",""
70,48,"CHL","Chile",6,"Bío-Bío",15,"Ñuble",70,"Niquen",NA,"","Comuna","Municipality","",""
71,48,"CHL","Chile",6,"Bío-Bío",15,"Ñuble",71,"Pemuco",NA,"","Comuna","Municipality","",""
72,48,"CHL","Chile",6,"Bío-Bío",15,"Ñuble",72,"Pinto",NA,"","Comuna","Municipality","",""
73,48,"CHL","Chile",6,"Bío-Bío",15,"Ñuble",73,"Portezuelo",NA,"","Comuna","Municipality","",""
74,48,"CHL","Chile",6,"Bío-Bío",15,"Ñuble",74,"Quillon",NA,"","Comuna","Municipality","",""
75,48,"CHL","Chile",6,"Bío-Bío",15,"Ñuble",75,"Quirihue",NA,"","Comuna","Municipality","",""
76,48,"CHL","Chile",6,"Bío-Bío",15,"Ñuble",76,"Ranquil",NA,"","Comuna","Municipality","",""
77,48,"CHL","Chile",6,"Bío-Bío",15,"Ñuble",77,"San Carlos",NA,"","Comuna","Municipality","",""
78,48,"CHL","Chile",6,"Bío-Bío",15,"Ñuble",78,"San Fabian",NA,"","Comuna","Municipality","",""
79,48,"CHL","Chile",6,"Bío-Bío",15,"Ñuble",79,"San Ignacio",NA,"","Comuna","Municipality","",""
80,48,"CHL","Chile",6,"Bío-Bío",15,"Ñuble",80,"San Nicolas",NA,"","Comuna","Municipality","",""
81,48,"CHL","Chile",6,"Bío-Bío",15,"Ñuble",81,"Trehuaco",NA,"","Comuna","Municipality","",""
82,48,"CHL","Chile",6,"Bío-Bío",15,"Ñuble",82,"Yungay",NA,"","Comuna","Municipality","",""
83,48,"CHL","Chile",6,"Bío-Bío",16,"Arauco",83,"Arauco",NA,"","Comuna","Municipality","",""
84,48,"CHL","Chile",6,"Bío-Bío",16,"Arauco",84,"Canete",NA,"","Comuna","Municipality","",""
85,48,"CHL","Chile",6,"Bío-Bío",16,"Arauco",85,"Contulmo",NA,"","Comuna","Municipality","",""
86,48,"CHL","Chile",6,"Bío-Bío",16,"Arauco",86,"Curanilahue",NA,"","Comuna","Municipality","",""
87,48,"CHL","Chile",6,"Bío-Bío",16,"Arauco",87,"Lebu",NA,"","Comuna","Municipality","",""
88,48,"CHL","Chile",6,"Bío-Bío",16,"Arauco",88,"Los Alamos",NA,"","Comuna","Municipality","",""
89,48,"CHL","Chile",6,"Bío-Bío",16,"Arauco",89,"Tirua",NA,"","Comuna","Municipality","",""
90,48,"CHL","Chile",6,"Bío-Bío",17,"Biobío",90,"Antuco",NA,"","Comuna","Municipality","",""
91,48,"CHL","Chile",6,"Bío-Bío",17,"Biobío",91,"Cabrero",NA,"","Comuna","Municipality","",""
92,48,"CHL","Chile",6,"Bío-Bío",17,"Biobío",92,"Laja",NA,"","Comuna","Municipality","",""
93,48,"CHL","Chile",6,"Bío-Bío",17,"Biobío",93,"Los Angeles",NA,"","Comuna","Municipality","",""
94,48,"CHL","Chile",6,"Bío-Bío",17,"Biobío",94,"Mulchen",NA,"","Comuna","Municipality","",""
95,48,"CHL","Chile",6,"Bío-Bío",17,"Biobío",95,"Nacimiento",NA,"","Comuna","Municipality","",""
96,48,"CHL","Chile",6,"Bío-Bío",17,"Biobío",96,"Negrete",NA,"","Comuna","Municipality","",""
97,48,"CHL","Chile",6,"Bío-Bío",17,"Biobío",97,"Quilago",NA,"","Comuna","Municipality","",""
98,48,"CHL","Chile",6,"Bío-Bío",17,"Biobío",98,"Quillego",NA,"","Comuna","Municipality","",""
99,48,"CHL","Chile",6,"Bío-Bío",17,"Biobío",99,"Rosendo",NA,"","Comuna","Municipality","",""
100,48,"CHL","Chile",6,"Bío-Bío",17,"Biobío",100,"Santa Barbara",NA,"","Comuna","Municipality","",""
101,48,"CHL","Chile",6,"Bío-Bío",17,"Biobío",101,"Tucapel",NA,"","Comuna","Municipality","",""
102,48,"CHL","Chile",6,"Bío-Bío",17,"Biobío",102,"Yumbel",NA,"","Comuna","Municipality","",""
103,48,"CHL","Chile",6,"Bío-Bío",18,"Concepción",103,"Concepcion",NA,"","Comuna","Municipality","",""
104,48,"CHL","Chile",6,"Bío-Bío",18,"Concepción",104,"Coronel",NA,"","Comuna","Municipality","",""
105,48,"CHL","Chile",6,"Bío-Bío",18,"Concepción",105,"Florida",NA,"","Comuna","Municipality","",""
106,48,"CHL","Chile",6,"Bío-Bío",18,"Concepción",106,"Hualqui",NA,"","Comuna","Municipality","",""
107,48,"CHL","Chile",6,"Bío-Bío",18,"Concepción",107,"Lota",NA,"","Comuna","Municipality","",""
108,48,"CHL","Chile",6,"Bío-Bío",18,"Concepción",108,"Penco",NA,"","Comuna","Municipality","",""
109,48,"CHL","Chile",6,"Bío-Bío",18,"Concepción",109,"Santa Juana",NA,"","Comuna","Municipality","",""
110,48,"CHL","Chile",6,"Bío-Bío",18,"Concepción",110,"Talcahuano",NA,"","Comuna","Municipality","",""
111,48,"CHL","Chile",6,"Bío-Bío",18,"Concepción",111,"Tome",NA,"","Comuna","Municipality","",""
112,48,"CHL","Chile",7,"Coquimbo",19,"Choapa",112,"Illapel",NA,"","Comuna","Municipality","",""
113,48,"CHL","Chile",7,"Coquimbo",19,"Choapa",113,"Los Vilos",NA,"","Comuna","Municipality","",""
114,48,"CHL","Chile",7,"Coquimbo",19,"Choapa",114,"Mincha",NA,"","Comuna","Municipality","",""
115,48,"CHL","Chile",7,"Coquimbo",19,"Choapa",115,"Salamanca",NA,"","Comuna","Municipality","",""
116,48,"CHL","Chile",7,"Coquimbo",20,"Elqui",116,"Andacollo",NA,"","Comuna","Municipality","",""
117,48,"CHL","Chile",7,"Coquimbo",20,"Elqui",117,"Coquimbo",NA,"","Comuna","Municipality","",""
118,48,"CHL","Chile",7,"Coquimbo",20,"Elqui",118,"La Higuera",NA,"","Comuna","Municipality","",""
119,48,"CHL","Chile",7,"Coquimbo",20,"Elqui",119,"La Serena",NA,"","Comuna","Municipality","",""
120,48,"CHL","Chile",7,"Coquimbo",20,"Elqui",120,"Paiguano",NA,"","Comuna","Municipality","",""
121,48,"CHL","Chile",7,"Coquimbo",20,"Elqui",121,"Vicuna",NA,"","Comuna","Municipality","",""
122,48,"CHL","Chile",7,"Coquimbo",21,"Limarí",122,"Combarbala",NA,"","Comuna","Municipality","",""
123,48,"CHL","Chile",7,"Coquimbo",21,"Limarí",123,"Monte Patria",NA,"","Comuna","Municipality","",""
124,48,"CHL","Chile",7,"Coquimbo",21,"Limarí",124,"Ovalle",NA,"","Comuna","Municipality","",""
125,48,"CHL","Chile",7,"Coquimbo",21,"Limarí",125,"Punitaqui",NA,"","Comuna","Municipality","",""
126,48,"CHL","Chile",7,"Coquimbo",21,"Limarí",126,"Rio Hurtado",NA,"","Comuna","Municipality","",""
127,48,"CHL","Chile",8,"Libertador General Bernardo O'Higgins",22,"Cachapoal",127,"Codegua",NA,"","Comuna","Municipality","",""
128,48,"CHL","Chile",8,"Libertador General Bernardo O'Higgins",22,"Cachapoal",128,"Coinco",NA,"","Comuna","Municipality","",""
129,48,"CHL","Chile",8,"Libertador General Bernardo O'Higgins",22,"Cachapoal",129,"Coltauco",NA,"","Comuna","Municipality","",""
130,48,"CHL","Chile",8,"Libertador General Bernardo O'Higgins",22,"Cachapoal",130,"Donihue",NA,"","Comuna","Municipality","",""
131,48,"CHL","Chile",8,"Libertador General Bernardo O'Higgins",22,"Cachapoal",131,"Graneros",NA,"","Comuna","Municipality","",""
132,48,"CHL","Chile",8,"Libertador General Bernardo O'Higgins",22,"Cachapoal",132,"Las Cabras",NA,"","Comuna","Municipality","",""
133,48,"CHL","Chile",8,"Libertador General Bernardo O'Higgins",22,"Cachapoal",133,"Machali",NA,"","Comuna","Municipality","",""
134,48,"CHL","Chile",8,"Libertador General Bernardo O'Higgins",22,"Cachapoal",134,"Malloa",NA,"","Comuna","Municipality","",""
135,48,"CHL","Chile",8,"Libertador General Bernardo O'Higgins",22,"Cachapoal",135,"Mostazal",NA,"","Comuna","Municipality","",""
136,48,"CHL","Chile",8,"Libertador General Bernardo O'Higgins",22,"Cachapoal",136,"Olivar",NA,"","Comuna","Municipality","",""
137,48,"CHL","Chile",8,"Libertador General Bernardo O'Higgins",22,"Cachapoal",137,"Peumo",NA,"","Comuna","Municipality","",""
138,48,"CHL","Chile",8,"Libertador General Bernardo O'Higgins",22,"Cachapoal",138,"Pichidegua",NA,"","Comuna","Municipality","",""
139,48,"CHL","Chile",8,"Libertador General Bernardo O'Higgins",22,"Cachapoal",139,"Quinta de Tilcoco",NA,"","Comuna","Municipality","",""
140,48,"CHL","Chile",8,"Libertador General Bernardo O'Higgins",22,"Cachapoal",140,"Rancagua",NA,"","Comuna","Municipality","",""
141,48,"CHL","Chile",8,"Libertador General Bernardo O'Higgins",22,"Cachapoal",141,"Rengo",NA,"","Comuna","Municipality","",""
142,48,"CHL","Chile",8,"Libertador General Bernardo O'Higgins",22,"Cachapoal",142,"Requinao",NA,"","Comuna","Municipality","",""
143,48,"CHL","Chile",8,"Libertador General Bernardo O'Higgins",22,"Cachapoal",143,"San Vicente",NA,"","Comuna","Municipality","",""
144,48,"CHL","Chile",8,"Libertador General Bernardo O'Higgins",23,"Cardenal Caro",144,"La Estrella",NA,"","Comuna","Municipality","",""
145,48,"CHL","Chile",8,"Libertador General Bernardo O'Higgins",23,"Cardenal Caro",145,"Litueche",NA,"","Comuna","Municipality","",""
146,48,"CHL","Chile",8,"Libertador General Bernardo O'Higgins",23,"Cardenal Caro",146,"Marchihue",NA,"","Comuna","Municipality","",""
147,48,"CHL","Chile",8,"Libertador General Bernardo O'Higgins",23,"Cardenal Caro",147,"Navidad",NA,"","Comuna","Municipality","",""
148,48,"CHL","Chile",8,"Libertador General Bernardo O'Higgins",23,"Cardenal Caro",148,"Paredones",NA,"","Comuna","Municipality","",""
149,48,"CHL","Chile",8,"Libertador General Bernardo O'Higgins",23,"Cardenal Caro",149,"Pichilemu",NA,"","Comuna","Municipality","",""
150,48,"CHL","Chile",8,"Libertador General Bernardo O'Higgins",24,"Colchagua",150,"Chepica",NA,"","Comuna","Municipality","",""
151,48,"CHL","Chile",8,"Libertador General Bernardo O'Higgins",24,"Colchagua",151,"Chimbarongo",NA,"","Comuna","Municipality","",""
152,48,"CHL","Chile",8,"Libertador General Bernardo O'Higgins",24,"Colchagua",152,"Lolol",NA,"","Comuna","Municipality","",""
153,48,"CHL","Chile",8,"Libertador General Bernardo O'Higgins",24,"Colchagua",153,"Nancagua",NA,"","Comuna","Municipality","",""
154,48,"CHL","Chile",8,"Libertador General Bernardo O'Higgins",24,"Colchagua",154,"Palmilla",NA,"","Comuna","Municipality","",""
155,48,"CHL","Chile",8,"Libertador General Bernardo O'Higgins",24,"Colchagua",155,"Peralillo",NA,"","Comuna","Municipality","",""
156,48,"CHL","Chile",8,"Libertador General Bernardo O'Higgins",24,"Colchagua",156,"Placilla",NA,"","Comuna","Municipality","",""
157,48,"CHL","Chile",8,"Libertador General Bernardo O'Higgins",24,"Colchagua",157,"Pumanque",NA,"","Comuna","Municipality","",""
158,48,"CHL","Chile",8,"Libertador General Bernardo O'Higgins",24,"Colchagua",158,"San Fernando",NA,"","Comuna","Municipality","",""
159,48,"CHL","Chile",8,"Libertador General Bernardo O'Higgins",24,"Colchagua",159,"Santa Cruz",NA,"","Comuna","Municipality","",""
160,48,"CHL","Chile",9,"Los Lagos",25,"Chiloé",160,"Ancud",NA,"","Comuna","Municipality","",""
161,48,"CHL","Chile",9,"Los Lagos",25,"Chiloé",161,"Castro",NA,"","Comuna","Municipality","",""
162,48,"CHL","Chile",9,"Los Lagos",25,"Chiloé",162,"Chonchi",NA,"","Comuna","Municipality","",""
163,48,"CHL","Chile",9,"Los Lagos",25,"Chiloé",163,"Curaco de Velez",NA,"","Comuna","Municipality","",""
164,48,"CHL","Chile",9,"Los Lagos",25,"Chiloé",164,"Dalcahue",NA,"","Comuna","Municipality","",""
165,48,"CHL","Chile",9,"Los Lagos",25,"Chiloé",165,"Puqueldon",NA,"","Comuna","Municipality","",""
166,48,"CHL","Chile",9,"Los Lagos",25,"Chiloé",166,"Queilen",NA,"","Comuna","Municipality","",""
167,48,"CHL","Chile",9,"Los Lagos",25,"Chiloé",167,"Quellon",NA,"","Comuna","Municipality","",""
168,48,"CHL","Chile",9,"Los Lagos",25,"Chiloé",168,"Quemchi",NA,"","Comuna","Municipality","",""
169,48,"CHL","Chile",9,"Los Lagos",25,"Chiloé",169,"Quinchao",NA,"","Comuna","Municipality","",""
170,48,"CHL","Chile",9,"Los Lagos",26,"Llanquihue",170,"Calbuco",NA,"","Comuna","Municipality","",""
171,48,"CHL","Chile",9,"Los Lagos",26,"Llanquihue",171,"Cochamo",NA,"","Comuna","Municipality","",""
172,48,"CHL","Chile",9,"Los Lagos",26,"Llanquihue",172,"Fresia",NA,"","Comuna","Municipality","",""
173,48,"CHL","Chile",9,"Los Lagos",26,"Llanquihue",173,"Frutillar",NA,"","Comuna","Municipality","",""
174,48,"CHL","Chile",9,"Los Lagos",26,"Llanquihue",174,"LLanquihue",NA,"","Comuna","Municipality","",""
175,48,"CHL","Chile",9,"Los Lagos",26,"Llanquihue",175,"Los Muermos",NA,"","Comuna","Municipality","",""
176,48,"CHL","Chile",9,"Los Lagos",26,"Llanquihue",176,"Maullin",NA,"","Comuna","Municipality","",""
177,48,"CHL","Chile",9,"Los Lagos",26,"Llanquihue",177,"Puerto Montt",NA,"","Comuna","Municipality","",""
178,48,"CHL","Chile",9,"Los Lagos",26,"Llanquihue",178,"Puerto Varas",NA,"","Comuna","Municipality","",""
179,48,"CHL","Chile",9,"Los Lagos",27,"Osorno",179,"Entre Lagos",NA,"","Comuna","Municipality","",""
180,48,"CHL","Chile",9,"Los Lagos",27,"Osorno",180,"Osorno",NA,"","Comuna","Municipality","",""
181,48,"CHL","Chile",9,"Los Lagos",27,"Osorno",181,"Puerto Octay",NA,"","Comuna","Municipality","",""
182,48,"CHL","Chile",9,"Los Lagos",27,"Osorno",182,"Purranque",NA,"","Comuna","Municipality","",""
183,48,"CHL","Chile",9,"Los Lagos",27,"Osorno",183,"Rio Negro",NA,"","Comuna","Municipality","",""
184,48,"CHL","Chile",9,"Los Lagos",27,"Osorno",184,"San Juan de la Costa",NA,"","Comuna","Municipality","",""
185,48,"CHL","Chile",9,"Los Lagos",27,"Osorno",185,"San Pablo",NA,"","Comuna","Municipality","",""
186,48,"CHL","Chile",9,"Los Lagos",28,"Palena",186,"Chaiten",NA,"","Comuna","Municipality","",""
187,48,"CHL","Chile",9,"Los Lagos",28,"Palena",187,"Futaleufu",NA,"","Comuna","Municipality","",""
188,48,"CHL","Chile",9,"Los Lagos",28,"Palena",188,"Hualaihue",NA,"","Comuna","Municipality","",""
189,48,"CHL","Chile",9,"Los Lagos",28,"Palena",189,"Palena",NA,"","Comuna","Municipality","",""
190,48,"CHL","Chile",10,"Los Ríos",29,"Ranco",190,"Futrono",NA,"","Comuna","Municipality","",""
191,48,"CHL","Chile",10,"Los Ríos",29,"Ranco",191,"La Unión",NA,"","Comuna","Municipality","",""
192,48,"CHL","Chile",10,"Los Ríos",29,"Ranco",192,"Lago Ranco",NA,"","Comuna","Municipality","",""
193,48,"CHL","Chile",10,"Los Ríos",29,"Ranco",193,"Rio Bueno",NA,"","Comuna","Municipality","",""
194,48,"CHL","Chile",10,"Los Ríos",30,"Valdivia",194,"Corral",NA,"","Comuna","Municipality","",""
195,48,"CHL","Chile",10,"Los Ríos",30,"Valdivia",195,"Lanco",NA,"","Comuna","Municipality","",""
196,48,"CHL","Chile",10,"Los Ríos",30,"Valdivia",196,"Los Lagos",NA,"","Comuna","Municipality","",""
197,48,"CHL","Chile",10,"Los Ríos",30,"Valdivia",197,"Mafil",NA,"","Comuna","Municipality","",""
198,48,"CHL","Chile",10,"Los Ríos",30,"Valdivia",198,"Mariquina",NA,"","Comuna","Municipality","",""
199,48,"CHL","Chile",10,"Los Ríos",30,"Valdivia",199,"Paillaco",NA,"","Comuna","Municipality","",""
200,48,"CHL","Chile",10,"Los Ríos",30,"Valdivia",200,"Panguipulli",NA,"","Comuna","Municipality","",""
201,48,"CHL","Chile",10,"Los Ríos",30,"Valdivia",201,"Valdivia",NA,"","Comuna","Municipality","",""
202,48,"CHL","Chile",11,"Magallanes y Antártica Chilena",31,"Antártica Chilena",202,"Navarino",NA,"","Comuna","Municipality","",""
203,48,"CHL","Chile",11,"Magallanes y Antártica Chilena",32,"Última Esperanza",203,"Natales",NA,"","Comuna","Municipality","",""
204,48,"CHL","Chile",11,"Magallanes y Antártica Chilena",32,"Última Esperanza",204,"Torres de Paine",NA,"","Comuna","Municipality","",""
205,48,"CHL","Chile",11,"Magallanes y Antártica Chilena",33,"Magallanes",205,"Laguna Blanca",NA,"","Comuna","Municipality","",""
206,48,"CHL","Chile",11,"Magallanes y Antártica Chilena",33,"Magallanes",206,"Punta Arenas",NA,"","Comuna","Municipality","",""
207,48,"CHL","Chile",11,"Magallanes y Antártica Chilena",33,"Magallanes",207,"Rio Verde",NA,"","Comuna","Municipality","",""
208,48,"CHL","Chile",11,"Magallanes y Antártica Chilena",33,"Magallanes",208,"San Gregorio",NA,"","Comuna","Municipality","",""
209,48,"CHL","Chile",11,"Magallanes y Antártica Chilena",34,"Tierra del Fuego",209,"Porvenir",NA,"","Comuna","Municipality","",""
210,48,"CHL","Chile",11,"Magallanes y Antártica Chilena",34,"Tierra del Fuego",210,"Primavera",NA,"","Comuna","Municipality","",""
211,48,"CHL","Chile",11,"Magallanes y Antártica Chilena",34,"Tierra del Fuego",211,"Timaukel",NA,"","Comuna","Municipality","",""
212,48,"CHL","Chile",12,"Maule",35,"Cauquenes",212,"Cauquenes",NA,"","Comuna","Municipality","",""
213,48,"CHL","Chile",12,"Maule",35,"Cauquenes",213,"Chanco",NA,"","Comuna","Municipality","",""
214,48,"CHL","Chile",12,"Maule",35,"Cauquenes",214,"Pelluhue",NA,"","Comuna","Municipality","",""
215,48,"CHL","Chile",12,"Maule",36,"Curicó",215,"Curico",NA,"","Comuna","Municipality","",""
216,48,"CHL","Chile",12,"Maule",36,"Curicó",216,"Hualane",NA,"","Comuna","Municipality","",""
217,48,"CHL","Chile",12,"Maule",36,"Curicó",217,"Licanten",NA,"","Comuna","Municipality","",""
218,48,"CHL","Chile",12,"Maule",36,"Curicó",218,"Molina",NA,"","Comuna","Municipality","",""
219,48,"CHL","Chile",12,"Maule",36,"Curicó",219,"Rauco",NA,"","Comuna","Municipality","",""
220,48,"CHL","Chile",12,"Maule",36,"Curicó",220,"Romeral",NA,"","Comuna","Municipality","",""
221,48,"CHL","Chile",12,"Maule",36,"Curicó",221,"Sagrada Familia",NA,"","Comuna","Municipality","",""
222,48,"CHL","Chile",12,"Maule",36,"Curicó",222,"Teno",NA,"","Comuna","Municipality","",""
223,48,"CHL","Chile",12,"Maule",36,"Curicó",223,"Vichuquen",NA,"","Comuna","Municipality","",""
224,48,"CHL","Chile",12,"Maule",37,"Linares",224,"Colbun",NA,"","Comuna","Municipality","",""
225,48,"CHL","Chile",12,"Maule",37,"Linares",225,"Linares",NA,"","Comuna","Municipality","",""
226,48,"CHL","Chile",12,"Maule",37,"Linares",226,"Longavi",NA,"","Comuna","Municipality","",""
227,48,"CHL","Chile",12,"Maule",37,"Linares",227,"Parral",NA,"","Comuna","Municipality","",""
228,48,"CHL","Chile",12,"Maule",37,"Linares",228,"Retiro",NA,"","Comuna","Municipality","",""
229,48,"CHL","Chile",12,"Maule",37,"Linares",229,"San Javier",NA,"","Comuna","Municipality","",""
230,48,"CHL","Chile",12,"Maule",37,"Linares",230,"Villa Alegre",NA,"","Comuna","Municipality","",""
231,48,"CHL","Chile",12,"Maule",37,"Linares",231,"Yerbas buenas",NA,"","Comuna","Municipality","",""
232,48,"CHL","Chile",12,"Maule",38,"Talca",232,"Constitucion",NA,"","Comuna","Municipality","",""
233,48,"CHL","Chile",12,"Maule",38,"Talca",233,"Curepto",NA,"","Comuna","Municipality","",""
234,48,"CHL","Chile",12,"Maule",38,"Talca",234,"Empedrado",NA,"","Comuna","Municipality","",""
235,48,"CHL","Chile",12,"Maule",38,"Talca",235,"Maule",NA,"","Comuna","Municipality","",""
236,48,"CHL","Chile",12,"Maule",38,"Talca",236,"Pelarco",NA,"","Comuna","Municipality","",""
237,48,"CHL","Chile",12,"Maule",38,"Talca",237,"Pencahue",NA,"","Comuna","Municipality","",""
238,48,"CHL","Chile",12,"Maule",38,"Talca",238,"Rio Claro",NA,"","Comuna","Municipality","",""
239,48,"CHL","Chile",12,"Maule",38,"Talca",239,"San Clemente",NA,"","Comuna","Municipality","",""
240,48,"CHL","Chile",12,"Maule",38,"Talca",240,"Talca",NA,"","Comuna","Municipality","",""
241,48,"CHL","Chile",13,"Región Metropolitana de Santiago",39,"Chacabuco",241,"Colina",NA,"","Comuna","Municipality","",""
242,48,"CHL","Chile",13,"Región Metropolitana de Santiago",39,"Chacabuco",242,"Lampa",NA,"","Comuna","Municipality","",""
243,48,"CHL","Chile",13,"Región Metropolitana de Santiago",39,"Chacabuco",243,"Tiltil",NA,"","Comuna","Municipality","","Til Til"
244,48,"CHL","Chile",13,"Región Metropolitana de Santiago",40,"Cordillera",244,"Pirque",NA,"","Comuna","Municipality","",""
245,48,"CHL","Chile",13,"Región Metropolitana de Santiago",40,"Cordillera",245,"Puente Alto",NA,"","Comuna","Municipality","",""
246,48,"CHL","Chile",13,"Región Metropolitana de Santiago",40,"Cordillera",246,"San Jode de Maipo",NA,"","Comuna","Municipality","",""
247,48,"CHL","Chile",13,"Región Metropolitana de Santiago",41,"Maipo",247,"Buin",NA,"","Comuna","Municipality","",""
248,48,"CHL","Chile",13,"Región Metropolitana de Santiago",41,"Maipo",248,"Calera de Tango",NA,"","Comuna","Municipality","",""
249,48,"CHL","Chile",13,"Región Metropolitana de Santiago",41,"Maipo",249,"Paine",NA,"","Comuna","Municipality","",""
250,48,"CHL","Chile",13,"Región Metropolitana de Santiago",41,"Maipo",250,"San Bernardo",NA,"","Comuna","Municipality","",""
251,48,"CHL","Chile",13,"Región Metropolitana de Santiago",42,"Melipilla",251,"Alhue",NA,"","Comuna","Municipality","",""
252,48,"CHL","Chile",13,"Región Metropolitana de Santiago",42,"Melipilla",252,"Curacavi",NA,"","Comuna","Municipality","",""
253,48,"CHL","Chile",13,"Región Metropolitana de Santiago",42,"Melipilla",253,"Maria Pinto",NA,"","Comuna","Municipality","",""
254,48,"CHL","Chile",13,"Región Metropolitana de Santiago",42,"Melipilla",254,"Melipilla",NA,"","Comuna","Municipality","",""
255,48,"CHL","Chile",13,"Región Metropolitana de Santiago",42,"Melipilla",255,"San Pedro",NA,"","Comuna","Municipality","",""
256,48,"CHL","Chile",13,"Región Metropolitana de Santiago",43,"Santiago",256,"Santiago",NA,"","Comuna","Municipality","",""
257,48,"CHL","Chile",13,"Región Metropolitana de Santiago",44,"Talagante",257,"El Monte",NA,"","Comuna","Municipality","",""
258,48,"CHL","Chile",13,"Región Metropolitana de Santiago",44,"Talagante",258,"Isla de Maipo",NA,"","Comuna","Municipality","",""
259,48,"CHL","Chile",13,"Región Metropolitana de Santiago",44,"Talagante",259,"Penaflor",NA,"","Comuna","Municipality","",""
260,48,"CHL","Chile",13,"Región Metropolitana de Santiago",44,"Talagante",260,"Talagante",NA,"","Comuna","Municipality","",""
261,48,"CHL","Chile",14,"Tarapacá",45,"Iquique",261,"Camina",NA,"","Comuna","Municipality","",""
262,48,"CHL","Chile",14,"Tarapacá",45,"Iquique",262,"Colchane",NA,"","Comuna","Municipality","",""
263,48,"CHL","Chile",14,"Tarapacá",45,"Iquique",263,"Huara",NA,"","Comuna","Municipality","",""
264,48,"CHL","Chile",14,"Tarapacá",45,"Iquique",264,"Iquique",NA,"","Comuna","Municipality","",""
265,48,"CHL","Chile",14,"Tarapacá",45,"Iquique",265,"Pica",NA,"","Comuna","Municipality","",""
266,48,"CHL","Chile",14,"Tarapacá",45,"Iquique",266,"Pozo Almonte",NA,"","Comuna","Municipality","",""
267,48,"CHL","Chile",15,"Valparaíso",46,"ísla de Pascua",267,"Ocean Islands",NA,"","Comuna","Municipality","",""
268,48,"CHL","Chile",15,"Valparaíso",47,"Los Andes",268,"Calle Larga",NA,"","Comuna","Municipality","",""
269,48,"CHL","Chile",15,"Valparaíso",47,"Los Andes",269,"Los Andes",NA,"","Comuna","Municipality","",""
270,48,"CHL","Chile",15,"Valparaíso",47,"Los Andes",270,"Rinconada",NA,"","Comuna","Municipality","",""
271,48,"CHL","Chile",15,"Valparaíso",47,"Los Andes",271,"San Esteban",NA,"","Comuna","Municipality","",""
272,48,"CHL","Chile",15,"Valparaíso",48,"Petorca",272,"Cabildo",NA,"","Comuna","Municipality","",""
273,48,"CHL","Chile",15,"Valparaíso",48,"Petorca",273,"La Ligua",NA,"","Comuna","Municipality","",""
274,48,"CHL","Chile",15,"Valparaíso",48,"Petorca",274,"Papudo",NA,"","Comuna","Municipality","",""
275,48,"CHL","Chile",15,"Valparaíso",48,"Petorca",275,"Petorca",NA,"","Comuna","Municipality","",""
276,48,"CHL","Chile",15,"Valparaíso",48,"Petorca",276,"Zapallar",NA,"","Comuna","Municipality","",""
277,48,"CHL","Chile",15,"Valparaíso",49,"Quillota",277,"Calera",NA,"","Comuna","Municipality","",""
278,48,"CHL","Chile",15,"Valparaíso",49,"Quillota",278,"Hijuelas",NA,"","Comuna","Municipality","",""
279,48,"CHL","Chile",15,"Valparaíso",49,"Quillota",279,"La Cruz",NA,"","Comuna","Municipality","",""
280,48,"CHL","Chile",15,"Valparaíso",49,"Quillota",280,"Limache",NA,"","Comuna","Municipality","",""
281,48,"CHL","Chile",15,"Valparaíso",49,"Quillota",281,"Nogales",NA,"","Comuna","Municipality","",""
282,48,"CHL","Chile",15,"Valparaíso",49,"Quillota",282,"Olmue",NA,"","Comuna","Municipality","",""
283,48,"CHL","Chile",15,"Valparaíso",49,"Quillota",283,"Quillota",NA,"","Comuna","Municipality","",""
284,48,"CHL","Chile",15,"Valparaíso",50,"San Antonio",284,"Algarrobo",NA,"","Comuna","Municipality","",""
285,48,"CHL","Chile",15,"Valparaíso",50,"San Antonio",285,"Cartagena",NA,"","Comuna","Municipality","",""
286,48,"CHL","Chile",15,"Valparaíso",50,"San Antonio",286,"El Quisco",NA,"","Comuna","Municipality","",""
287,48,"CHL","Chile",15,"Valparaíso",50,"San Antonio",287,"El Tabo",NA,"","Comuna","Municipality","",""
288,48,"CHL","Chile",15,"Valparaíso",50,"San Antonio",288,"San Antonio",NA,"","Comuna","Municipality","",""
289,48,"CHL","Chile",15,"Valparaíso",50,"San Antonio",289,"Santo Domingo",NA,"","Comuna","Municipality","",""
290,48,"CHL","Chile",15,"Valparaíso",51,"San Felipe de Aconcagua",290,"Catemu",NA,"","Comuna","Municipality","",""
291,48,"CHL","Chile",15,"Valparaíso",51,"San Felipe de Aconcagua",291,"Llaillay",NA,"","Comuna","Municipality","",""
292,48,"CHL","Chile",15,"Valparaíso",51,"San Felipe de Aconcagua",292,"Panquehue",NA,"","Comuna","Municipality","",""
293,48,"CHL","Chile",15,"Valparaíso",51,"San Felipe de Aconcagua",293,"Putaendo",NA,"","Comuna","Municipality","",""
294,48,"CHL","Chile",15,"Valparaíso",51,"San Felipe de Aconcagua",294,"San Felipe",NA,"","Comuna","Municipality","",""
295,48,"CHL","Chile",15,"Valparaíso",51,"San Felipe de Aconcagua",295,"Santa Maria",NA,"","Comuna","Municipality","",""
296,48,"CHL","Chile",15,"Valparaíso",52,"Valparaíso",296,"Casa Blanca",NA,"","Comuna","Municipality","",""
297,48,"CHL","Chile",15,"Valparaíso",52,"Valparaíso",297,"Puchuncavi",NA,"","Comuna","Municipality","",""
298,48,"CHL","Chile",15,"Valparaíso",52,"Valparaíso",298,"Quilpue",NA,"","Comuna","Municipality","",""
299,48,"CHL","Chile",15,"Valparaíso",52,"Valparaíso",299,"Quintero",NA,"","Comuna","Municipality","",""
300,48,"CHL","Chile",15,"Valparaíso",52,"Valparaíso",300,"Valparaiso",NA,"","Comuna","Municipality","",""
301,48,"CHL","Chile",15,"Valparaíso",52,"Valparaíso",301,"Villa Alemana",NA,"","Comuna","Municipality","",""
302,48,"CHL","Chile",15,"Valparaíso",52,"Valparaíso",302,"Vina del Mar",NA,"","Comuna","Municipality","",""
